{"registrationOffer_en_US":{"offerText1":"Signup for offers.","offerText2":"Sign up is easy. You won't leave this App.","headerText":"Welcome to Reversi!","bodyText":"Enjoy free news and updates from AI Factory by filling out the info below!","confirmHeader":"Thank You.","confirmBody":"Your sign-up is complete.","logoPath":"/zwwz/zww5/zwtx/1252/25412/4176/images/image_25412_70_70_7108.jpg","offerImagePath":"","privacyPolicyUrl":"http://www.aifactory.co.uk/","oid":25412,"dealId":10905,"creativeId":4176,"registrationFields":{}},"pid":1252,"subSourceId":"","pflexadsUrl":"http://ftvxxwzat59d.pflexads.com","registrationFields":{"first_name":{"fieldType":"firstname","transientField":false,"validations":["required"],"order":1,"displayName":"First Name","type":"text"},"last_name":{"fieldType":"lastname","transientField":false,"validations":["required"],"order":2,"displayName":"Last Name","type":"text"},"email":{"fieldType":"email","transientField":false,"validations":["required","email"],"order":3,"displayName":"Email","type":"text"},"postal_code":{"fieldType":"postalcode","transientField":false,"validations":["required","postalcode"],"order":4,"displayName":"Zip Code","type":"text"},"country":{"optionType":"country","fieldType":"country","transientField":false,"validations":["required","country"],"order":5,"displayName":"Country","type":"select"}},"registrationOffer":{"offerText1":"Signup for offers.","offerText2":"Sign up is easy. You won't leave this App.","headerText":"Welcome to Reversi!","bodyText":"Enjoy free news and updates from AI Factory by filling out the info below!","confirmHeader":"Thank You.","confirmBody":"Your sign-up is complete.","logoPath":"/zwwz/zww5/zwtx/1252/25412/4176/images/image_25412_70_70_7108.jpg","offerImagePath":"","privacyPolicyUrl":"http://www.aifactory.co.uk/","oid":25412,"dealId":10905,"creativeId":4176,"registrationFields":{}}}